City_ID,City,Country,Lat,Lng,Max Temp,Humidity,Cloudiness,Wind Speed,Current Description
0,Kirakira,SB,-10.4544,161.9205,82.85,75,39,6.55,scattered clouds
1,New Norfolk,AU,-42.7826,147.0587,48.88,47,98,3.42,overcast clouds
2,Chone,EC,-0.6833,-80.1,84.49,55,73,8.81,broken clouds
3,Avarua,CK,-21.2078,-159.775,77.05,73,27,19.57,scattered clouds
4,Mitsamiouli,KM,-11.3847,43.2844,75.54,83,35,2.53,scattered clouds
5,Atuona,PF,-9.8,-139.0333,78.37,73,72,20.87,broken clouds
6,Port Alfred,ZA,-33.5906,26.891,61.36,79,44,13.94,scattered clouds
7,Chifeng,CN,42.2683,118.9636,45.93,54,98,3.94,overcast clouds
8,Mataura,NZ,-46.1927,168.8643,53.47,92,100,5.21,overcast clouds
9,Aksarka,RU,66.5606,67.7975,38.12,89,92,13.09,overcast clouds
10,Cape Town,ZA,-33.9258,18.4232,63.01,61,0,1.99,clear sky
11,Georgetown,MY,5.4112,100.3354,78.73,93,40,1.99,scattered clouds
12,Bluff,NZ,-46.6,168.3333,53.8,93,100,7.72,light rain
13,Punta Arenas,CL,-53.15,-70.9167,50.11,37,0,19.57,clear sky
14,Busselton,AU,-33.65,115.3333,38.05,74,60,4.76,broken clouds
15,Bonthe,SL,7.5264,-12.505,79.59,86,45,6.11,scattered clouds
16,Rikitea,PF,-23.1203,-134.9692,74.44,77,57,19.98,broken clouds
17,Jamestown,US,42.097,-79.2353,75.52,83,90,10.36,overcast clouds
18,Victoria,HK,22.2855,114.1577,84.33,74,4,5.99,light rain
19,Bengkulu,ID,-3.8004,102.2655,74.21,90,100,3.44,overcast clouds
20,Asfi,MA,32.2994,-9.2372,69.69,65,78,18.72,broken clouds
21,Uruzgan,AF,32.8333,66.0,56.97,22,0,1.83,clear sky
22,Longyearbyen,SJ,78.2186,15.6401,39.04,70,75,18.41,broken clouds
23,Lebu,CL,-37.6167,-73.65,51.12,69,0,24.2,clear sky
24,Puerto Del Rosario,ES,28.5004,-13.8627,73.15,68,20,14.97,few clouds
25,Kolosovka,RU,56.4678,73.611,26.56,85,11,5.82,few clouds
26,Grindavik,IS,63.8424,-22.4338,44.55,81,90,13.8,overcast clouds
27,Hithadhoo,MV,-0.6,73.0833,83.35,76,92,16.96,overcast clouds
28,Qiyang,CN,26.5911,111.8474,73.98,76,0,5.57,light rain
29,Lagoa,PT,39.05,-27.9833,71.85,87,70,10.45,broken clouds
30,Vardo,NO,70.3705,31.1107,50.2,81,40,16.11,scattered clouds
31,Richards Bay,ZA,-28.783,32.0377,66.0,89,100,7.72,light rain
32,Dikson,RU,73.5069,80.5464,36.27,96,99,18.52,overcast clouds
33,Det Udom,TH,14.906,105.0784,76.82,94,99,4.09,overcast clouds
34,Hilo,US,19.7297,-155.09,80.8,77,75,4.61,light rain
35,Bud,US,39.447,-86.1758,80.06,71,88,4.83,overcast clouds
36,Coahuayana,MX,18.7333,-103.6833,89.08,69,94,5.64,overcast clouds
37,Hermanus,ZA,-34.4187,19.2345,57.79,88,9,10.31,clear sky
38,Moorhead,US,46.8739,-96.7676,82.98,32,1,5.99,clear sky
39,Shimoda,JP,34.6667,138.95,68.11,80,82,9.19,broken clouds
40,San Patricio,US,28.017,-97.5169,91.81,26,0,8.97,clear sky
41,Bredasdorp,ZA,-34.5322,20.0403,58.32,82,9,9.22,clear sky
42,Norman Wells,CA,65.282,-126.8329,30.24,86,75,11.5,broken clouds
43,Pevek,RU,69.7008,170.3133,28.06,92,100,19.01,light snow
44,Mecca,SA,21.4267,39.8261,85.95,49,74,5.37,broken clouds
45,Fare,PF,-16.7,-151.0167,78.87,64,0,14.65,clear sky
46,Smithers,CA,54.7804,-127.1743,35.92,87,90,4.61,overcast clouds
47,Bathsheba,BB,13.2167,-59.5167,86.61,66,40,21.85,scattered clouds
48,Guerrero Negro,MX,27.9769,-114.0611,78.21,61,1,17.54,clear sky
49,Buin,CL,-33.7333,-70.75,77.05,24,0,8.01,clear sky
50,Tuktoyaktuk,CA,69.4541,-133.0374,32.0,80,40,16.11,scattered clouds
51,Khatanga,RU,71.9667,102.5,29.34,98,100,8.72,light snow
52,Saint George,US,37.1041,-113.5841,82.87,32,1,1.99,clear sky
53,Saint Anthony,US,45.0205,-93.218,77.76,55,20,1.01,few clouds
54,Castro,BR,-24.7911,-50.0119,63.41,86,92,7.43,overcast clouds
55,Tura,IN,25.5198,90.2201,71.55,93,4,2.95,clear sky
56,Butaritari,KI,3.0707,172.7902,81.88,70,19,14.47,few clouds
57,Sao Geraldo Do Araguaia,BR,-6.4006,-48.555,90.32,40,96,1.95,overcast clouds
58,Vaini,TO,-21.2,-175.2,77.16,83,40,10.36,scattered clouds
59,Korem,ET,12.5058,39.5228,57.22,81,56,2.37,light rain
60,Husavik,IS,66.0449,-17.3389,37.31,79,100,4.29,overcast clouds
61,Rudnyy,KZ,52.9594,63.1206,34.02,66,96,5.48,overcast clouds
62,Cidreira,BR,-30.1811,-50.2056,59.94,58,0,8.5,clear sky
63,Carnarvon,AU,-24.8667,113.6333,59.07,67,36,17.27,scattered clouds
64,Okhotsk,RU,59.3833,143.3,25.77,70,7,15.12,clear sky
65,Peniche,PT,39.3558,-9.3811,67.62,91,97,11.41,overcast clouds
66,Tondano,ID,1.3038,124.9112,66.29,85,100,1.68,overcast clouds
67,Soyo,AO,-6.1349,12.3689,76.15,75,100,7.0,overcast clouds
68,Ushuaia,AR,-54.8,-68.3,44.26,53,0,20.71,clear sky
69,Vitim,RU,59.4511,112.5578,32.88,96,100,5.44,light snow
70,Albany,US,42.6001,-73.9662,61.81,95,100,1.3,overcast clouds
71,Mountain Home,US,43.133,-115.6912,79.93,11,40,10.36,scattered clouds
72,Talnakh,RU,69.4865,88.3972,33.78,100,100,3.83,light rain
73,Mar Del Plata,AR,-38.0023,-57.5575,71.62,59,0,18.99,clear sky
74,Hasaki,JP,35.7333,140.8333,64.69,86,5,7.52,clear sky
75,Turukhansk,RU,65.8167,87.9833,32.94,99,100,16.08,snow
76,Qaanaaq,GL,77.484,-69.3632,26.64,91,100,5.75,overcast clouds
77,Umm Kaddadah,SD,13.6017,26.6876,86.56,19,0,13.24,clear sky
78,Tasiilaq,GL,65.6145,-37.6368,33.96,80,18,6.35,few clouds
79,Cherskiy,RU,68.75,161.3,7.81,97,99,3.53,overcast clouds
80,Barrow,US,71.2906,-156.7887,24.82,86,90,12.66,mist
81,Karsun,RU,54.1994,46.9827,36.46,71,86,2.51,overcast clouds
82,Portland,US,45.5234,-122.6762,58.5,93,90,1.01,light rain
83,Cayenne,GF,4.9333,-52.3333,86.04,80,0,1.99,clear sky
84,Saldanha,ZA,-33.0117,17.9442,59.05,65,6,10.63,clear sky
85,Kamnik,SI,46.2259,14.6121,61.75,95,75,3.44,light intensity shower rain
86,Tukrah,LY,32.5341,20.5791,71.71,66,0,13.87,clear sky
87,Komsomolskiy,UZ,40.4272,71.7189,57.92,41,97,4.61,overcast clouds
88,Port Hawkesbury,CA,45.6169,-61.3485,62.19,72,1,5.99,clear sky
89,Intipuca,SV,13.1969,-88.0544,93.09,58,19,4.85,few clouds
90,Tuatapere,NZ,-46.1333,167.6833,53.82,89,100,3.44,overcast clouds
91,Dzidzantun,MX,21.25,-89.05,81.39,78,100,5.17,overcast clouds
92,Klaksvik,FO,62.2266,-6.589,43.72,76,95,9.19,overcast clouds
93,Sao Filipe,CV,14.8961,-24.4956,81.23,72,5,6.69,clear sky
94,Bundaberg,AU,-24.85,152.35,64.22,55,0,3.0,clear sky
95,Great Yarmouth,GB,52.6083,1.7305,54.23,81,100,26.19,overcast clouds
96,Arraial Do Cabo,BR,-22.9661,-42.0278,71.56,83,90,8.05,overcast clouds
97,Nome,US,64.5011,-165.4064,42.87,100,90,13.8,light rain
98,Yulara,AU,-25.2406,130.9889,73.24,21,71,5.75,broken clouds
99,Faanui,PF,-16.4833,-151.75,78.69,69,30,15.48,light rain
100,Egvekinot,RU,66.3167,-179.1667,29.16,93,100,11.39,overcast clouds
101,Tahta,EG,26.7693,31.5021,79.12,39,0,11.05,clear sky
102,Srednekolymsk,RU,67.45,153.6833,14.72,89,76,8.08,broken clouds
103,Ilulissat,GL,69.2167,-51.1,35.62,38,75,20.71,broken clouds
104,Pathein,MM,16.7833,94.7333,76.75,93,4,4.03,clear sky
105,Menongue,AO,-14.6585,17.691,67.73,64,87,8.08,overcast clouds
106,Thompson,CA,55.7435,-97.8558,53.76,35,75,8.05,broken clouds
107,Avera,US,33.194,-82.5271,75.88,74,100,4.83,overcast clouds
108,Puerto Ayora,EC,-0.7393,-90.3518,75.16,89,70,8.99,broken clouds
109,Kiunga,PG,-6.1219,141.2906,72.25,97,78,1.21,broken clouds
110,Ust-Omchug,RU,61.15,149.6333,-2.27,98,35,1.92,scattered clouds
111,Aloleng,PH,16.1307,119.7824,80.73,75,96,5.32,overcast clouds
112,Tynda,RU,55.1667,124.7167,21.06,85,12,3.58,few clouds
113,Kiboga,UG,0.9161,31.7742,63.39,95,99,1.1,overcast clouds
114,Sao Joao Da Barra,BR,-21.6403,-41.0511,75.29,86,100,12.08,overcast clouds
115,Port Elizabeth,ZA,-33.918,25.5701,61.11,83,7,10.33,clear sky
116,Krasnyy Chikoy,RU,50.3643,108.7512,38.03,77,100,1.95,overcast clouds
117,Ancud,CL,-41.8697,-73.8203,51.33,53,1,8.1,clear sky
118,Kaitangata,NZ,-46.2817,169.8464,53.29,93,100,12.41,overcast clouds
119,Avesta,SE,60.1455,16.1679,50.72,98,100,7.72,moderate rain
120,Nanortalik,GL,60.1432,-45.2371,38.14,75,0,8.84,clear sky
121,Beringovskiy,RU,63.05,179.3167,34.48,86,100,18.48,light rain
122,Yellowknife,CA,62.456,-114.3525,43.41,98,90,5.75,light rain
123,Torbay,CA,47.6666,-52.7314,48.58,80,90,19.57,overcast clouds
124,Provideniya,RU,64.3833,-173.3,39.31,87,90,4.47,light rain
125,Lata,PT,40.1629,-8.3327,64.04,97,5,1.95,clear sky
126,Brae,GB,60.3964,-1.353,48.11,82,100,11.25,overcast clouds
127,Batagay-Alyta,RU,67.8006,130.4114,23.11,66,100,6.78,overcast clouds
128,Vikulovo,RU,56.8167,70.6107,26.91,88,36,4.34,scattered clouds
129,Havoysund,NO,70.9963,24.6622,52.68,75,35,13.65,scattered clouds
130,Wagar,SD,16.1525,36.2032,91.22,25,51,5.59,broken clouds
131,Pimenta Bueno,BR,-11.6725,-61.1936,85.51,60,100,4.16,heavy intensity rain
132,Oros,BR,-6.2444,-38.9136,90.39,28,100,5.19,overcast clouds
133,Senanga,ZM,-16.1167,23.2667,76.62,46,86,1.43,overcast clouds
134,Ambilobe,MG,-13.2,49.05,72.05,80,85,3.13,overcast clouds
135,Hobart,AU,-42.8794,147.3294,49.23,65,75,11.5,broken clouds
136,Vao,NC,-22.6667,167.4833,71.49,88,21,2.01,few clouds
137,Yarim,YE,14.298,44.3779,60.04,65,45,1.36,scattered clouds
138,Omboue,GA,-1.5746,9.2618,76.64,86,100,9.33,overcast clouds
139,Meulaboh,ID,4.1363,96.1285,75.96,87,100,3.91,overcast clouds
140,Binga,ZW,-17.6203,27.3414,77.79,55,23,5.03,few clouds
141,Lisakovsk,KZ,52.5369,62.4936,34.59,62,99,5.99,overcast clouds
142,The Pas,CA,53.8251,-101.2541,57.22,38,90,12.66,overcast clouds
143,San Jose Iturbide,MX,21.0,-100.3833,65.71,66,98,11.48,overcast clouds
144,Lavrentiya,RU,65.5833,-171.0,36.27,99,100,6.46,light rain
145,Faya,SA,18.3851,42.4509,68.11,34,99,6.69,overcast clouds
146,Sitka,US,57.0531,-135.33,44.49,65,1,3.44,clear sky
147,Nikolskoye,RU,59.7035,30.7861,51.87,72,93,11.61,overcast clouds
148,Sangar,RU,63.9242,127.4739,28.2,93,73,3.02,broken clouds
149,Maragogi,BR,-9.0122,-35.2225,75.36,77,66,6.78,broken clouds
150,Umm Lajj,SA,25.0213,37.2685,80.92,63,0,10.85,clear sky
151,Airai,TL,-8.9266,125.4092,59.5,62,90,2.21,overcast clouds
152,Tiksi,RU,71.6872,128.8694,28.0,93,100,10.69,overcast clouds
153,Katsuura,JP,35.1333,140.3,71.71,83,84,11.45,broken clouds
154,Kysyl-Syr,RU,63.8986,122.7617,26.78,89,17,6.6,few clouds
155,Maymyo,MM,22.0333,96.4667,65.44,91,21,1.88,few clouds
156,Saskylakh,RU,71.9167,114.0833,22.05,95,100,6.11,overcast clouds
157,Salinopolis,BR,-0.6136,-47.3561,81.7,72,52,12.1,broken clouds
158,Oriximina,BR,-1.7656,-55.8661,91.13,41,78,2.28,broken clouds
159,Bubaque,GW,11.2833,-15.8333,83.37,72,100,2.71,overcast clouds
160,Kearney,US,40.6995,-99.0815,80.15,32,1,5.01,clear sky
161,Huarmey,PE,-10.0681,-78.1522,67.08,76,38,11.63,scattered clouds
162,Cristalina,BR,-16.7686,-47.6136,82.58,23,56,4.16,broken clouds
163,Padang,ID,-0.9492,100.3543,76.87,87,97,1.86,overcast clouds
164,Upernavik,GL,72.7868,-56.1549,30.06,52,100,5.26,overcast clouds
165,Pacific Grove,US,36.6177,-121.9166,82.58,73,1,5.01,clear sky
166,Wad Rawah,SD,15.1603,33.1397,94.33,18,92,15.39,overcast clouds
167,Teya,RU,60.3778,92.6267,25.93,93,37,2.33,scattered clouds
168,Hofn,IS,64.2539,-15.2082,39.36,64,100,9.66,overcast clouds
169,Constitucion,CL,-35.3333,-72.4167,60.08,58,99,16.8,overcast clouds
170,Qaqortoq,GL,60.7167,-46.0333,41.5,74,1,8.95,clear sky
171,Dongsheng,CN,39.8161,109.9776,46.17,88,100,4.07,light rain
172,Chivay,PE,-15.6383,-71.6011,43.97,80,100,8.1,overcast clouds
173,Luderitz,NA,-26.6481,15.1594,57.29,78,0,6.73,clear sky
174,Jacareacanga,BR,-6.2222,-57.7528,92.77,39,87,3.47,overcast clouds
175,Nouna,BF,12.7333,-3.8667,87.33,33,91,5.99,overcast clouds
176,Yarmouth,US,41.7057,-70.2286,61.18,94,90,18.99,mist
177,Ust-Tsilma,RU,65.441,52.1498,41.72,86,16,8.12,few clouds
178,Olafsvik,IS,64.8945,-23.7142,40.32,71,97,14.85,overcast clouds
179,Sholapur,IN,17.6833,75.9167,77.38,83,100,8.72,overcast clouds
180,Clyde River,CA,70.4692,-68.5914,34.03,100,90,11.5,light intensity drizzle
181,Kapaa,US,22.0752,-159.319,82.72,70,20,3.0,few clouds
182,Oktyabrskiy,RU,54.4815,53.471,37.31,53,100,3.47,overcast clouds
183,Ribeira Grande,PT,38.5167,-28.7,73.8,94,75,11.5,broken clouds
184,Tommot,RU,58.9564,126.2925,29.17,97,100,2.77,overcast clouds
185,Kaitong,CN,44.8135,123.15,43.7,53,80,7.02,broken clouds
186,Pestravka,RU,52.405,49.9583,38.25,51,89,3.47,overcast clouds
187,Bairiki,KI,1.3292,172.9752,82.4,74,75,5.75,broken clouds
188,Hami,CN,42.8,93.45,56.62,20,43,6.29,scattered clouds
189,Panama City,PA,8.9936,-79.5197,86.43,77,75,11.5,thunderstorm
190,Bethel,US,41.3712,-73.414,64.49,82,90,4.61,overcast clouds
191,Rocha,UY,-34.4833,-54.3333,61.83,69,0,6.33,clear sky
192,Riyadh,SA,24.6877,46.7219,86.14,27,14,5.12,few clouds
193,Fortuna,US,40.5982,-124.1573,73.42,64,75,5.01,broken clouds
194,Mahon,ES,39.8885,4.2658,68.56,64,40,4.61,scattered clouds
195,Bambous Virieux,MU,-20.3428,57.7575,71.22,94,20,4.61,light rain
196,Basco,PH,20.4487,121.9702,83.37,80,39,19.55,moderate rain
197,La Rioja,ES,42.25,-2.5,55.04,99,100,3.27,overcast clouds
198,Bardiyah,LY,31.7561,25.0865,71.06,64,0,8.97,clear sky
199,Weyburn,CA,49.6668,-103.8511,85.17,11,0,10.36,clear sky
200,Rawson,AR,-43.3002,-65.1023,52.09,50,75,13.8,shower rain
201,Sabang,ID,5.8933,95.3214,82.45,77,100,16.8,light rain
202,Chapais,CA,49.7834,-74.8492,64.18,52,0,4.12,clear sky
203,Poum,NC,-20.2333,164.0167,74.66,80,0,7.87,clear sky
204,Tiznit,MA,29.5833,-9.5,74.79,42,96,2.24,overcast clouds
205,Cedar City,US,37.6775,-113.0619,67.19,45,90,6.91,overcast clouds
206,Nizip,TR,37.0097,37.7942,62.73,27,0,14.12,clear sky
207,The Valley,AI,18.217,-63.0578,87.66,74,40,19.57,scattered clouds
208,Homer,US,59.6425,-151.5483,46.29,67,90,0.0,light rain
209,Palasa,IN,18.7667,84.4167,77.97,88,9,3.22,clear sky
210,Pameungpeuk,ID,-7.0183,107.6039,71.67,87,100,1.95,overcast clouds
211,Guanare,VE,9.0418,-69.7421,91.42,58,63,9.22,broken clouds
212,Deda,RO,46.9333,24.9,43.16,64,4,6.78,clear sky
213,Devonport,AU,-41.1667,146.35,54.0,62,59,8.46,broken clouds
214,Kedrovyy,RU,56.1667,91.8167,23.41,94,15,4.54,few clouds
215,Washougal,US,45.5826,-122.3534,62.94,93,90,6.91,moderate rain
216,Laguna,US,38.421,-121.4238,88.21,31,1,5.01,clear sky
217,Makakilo City,US,21.3469,-158.0858,84.52,54,20,10.36,few clouds
218,Lasa,IT,46.6166,10.7002,54.48,97,100,3.24,overcast clouds
219,Ekimchan,RU,53.0667,132.9667,28.26,89,98,2.98,overcast clouds
220,Njombe,TZ,-9.3333,34.7667,55.78,59,13,5.61,few clouds
221,Saint-Philippe,RE,-21.3585,55.7679,69.39,83,17,6.02,few clouds
222,Zaysan,KZ,47.4667,84.8667,42.1,88,100,9.33,overcast clouds
223,Domoni,KM,-12.2569,44.5319,75.63,84,22,3.94,few clouds
224,Kadyy,RU,57.787,43.1903,36.01,73,3,4.16,clear sky
225,Xam Nua,LA,20.4197,104.0439,65.16,99,94,0.76,overcast clouds
226,Berlevag,NO,70.8578,29.0864,53.6,71,0,23.02,clear sky
227,Nantucket,US,41.2835,-70.0995,60.94,92,100,21.5,overcast clouds
228,Abnub,EG,27.2696,31.1511,71.82,40,0,11.36,clear sky
229,Dyersburg,US,36.0345,-89.3856,80.73,65,1,5.75,clear sky
230,Miramar,US,25.9873,-80.2323,90.0,66,1,11.5,clear sky
231,Pudozh,RU,61.8099,36.5345,46.02,78,100,10.87,overcast clouds
232,Malatya,TR,38.5,38.0,50.05,43,0,9.22,clear sky
233,Whitianga,NZ,-36.8333,175.7,65.01,80,95,2.98,overcast clouds
234,Kodiak,US,57.79,-152.4072,47.71,81,90,3.44,overcast clouds
235,Saint-Pierre,RE,-21.3393,55.4781,69.48,78,40,3.44,scattered clouds
236,Zhezkazgan,KZ,47.8043,67.7144,28.8,76,7,11.23,clear sky
237,Grand Bend,CA,43.3168,-81.7498,67.96,88,75,10.0,broken clouds
238,Lompoc,US,34.6391,-120.4579,85.78,51,1,9.22,clear sky
239,Pisco,PE,-13.7,-76.2167,68.05,68,20,8.05,few clouds
240,Krasnoselkup,RU,65.7,82.4667,37.42,98,100,17.54,light rain
241,Luzhou,CN,28.8724,105.4405,69.93,83,100,3.02,light rain
242,Leningradskiy,RU,69.3833,178.4167,30.02,98,100,8.86,light snow
243,Ternate,ID,0.8,127.4,80.67,74,87,1.59,overcast clouds
244,Muisne,EC,0.6,-80.0333,80.71,79,94,10.83,overcast clouds
245,Maceio,BR,-9.6658,-35.7353,81.84,74,0,6.91,clear sky
246,Adrar,MR,20.5022,-10.0711,91.74,11,0,8.93,clear sky
247,Kenai,US,60.5544,-151.2583,42.15,80,90,4.61,overcast clouds
248,Porosozero,RU,62.7191,32.727,47.25,78,100,12.28,light rain
249,Vestmannaeyjar,IS,63.4427,-20.2734,43.39,91,100,25.1,overcast clouds
250,Te Anau,NZ,-45.4167,167.7167,51.64,88,99,0.67,overcast clouds
251,Itupiranga,BR,-5.1347,-49.3267,93.52,54,96,2.53,overcast clouds
252,Adelaide,AU,-34.9333,138.6,60.19,45,0,1.99,clear sky
253,Kavaratti,IN,10.5669,72.642,81.3,81,99,14.85,heavy intensity rain
254,Neuquen,AR,-38.9516,-68.0591,64.29,25,40,10.36,scattered clouds
255,Sernur,RU,56.9333,49.1536,34.66,65,93,3.58,overcast clouds
256,Carutapera,BR,-1.195,-46.02,80.58,74,51,9.51,broken clouds
257,Shingu,JP,33.7333,135.9833,64.63,74,42,6.06,scattered clouds
258,Zhigansk,RU,66.7697,123.3711,28.17,89,100,14.65,overcast clouds
259,Along,IN,28.1667,94.7667,67.53,94,17,1.19,few clouds
260,Colares,PT,38.7992,-9.4469,68.29,79,20,8.99,few clouds
261,Ossora,RU,59.2353,163.0719,37.08,68,100,12.75,overcast clouds
262,Nichinan,JP,31.6,131.3667,67.91,82,0,4.41,clear sky
263,Ostersund,SE,63.1792,14.6357,48.65,93,100,8.05,overcast clouds
264,Kyabe,TD,9.4515,18.9449,76.77,77,10,2.86,clear sky
265,Ponta Do Sol,PT,32.6667,-17.1,72.23,75,100,5.59,overcast clouds
266,Nioro,GM,13.35,-15.75,80.56,80,36,5.35,scattered clouds
267,Mount Isa,AU,-20.7333,139.5,71.37,20,67,3.44,broken clouds
268,Ayagoz,KZ,47.9714,80.4392,30.47,93,91,9.17,light snow
269,Mbandaka,CD,0.0487,18.2603,69.39,94,94,2.44,overcast clouds
270,Andenes,NO,69.3143,16.1194,49.98,81,75,27.63,moderate rain
271,Huancavelica,PE,-12.7667,-74.9833,44.4,70,100,6.69,overcast clouds
272,Roald,NO,62.5833,6.1333,53.91,87,75,8.05,broken clouds
273,Half Moon Bay,US,37.4636,-122.4286,82.54,65,40,10.36,scattered clouds
274,Belmonte,BR,-15.8631,-38.8828,79.3,84,66,9.69,broken clouds
275,Geraldton,AU,-28.7667,114.6,46.81,87,89,6.91,overcast clouds
276,San Jose,US,37.3394,-121.895,83.08,46,90,4.61,smoke
277,Dunedin,NZ,-45.8742,170.5036,52.14,97,100,14.81,overcast clouds
278,Broken Hill,AU,-31.95,141.4333,46.11,34,0,8.05,clear sky
279,Touros,BR,-5.1989,-35.4608,83.3,78,50,15.99,scattered clouds
280,Pitimbu,BR,-7.4706,-34.8086,81.19,78,57,11.68,broken clouds
281,Bindki,IN,26.0333,80.6,81.95,67,1,2.73,clear sky
282,Atherton,GB,53.5237,-2.4935,55.42,87,41,8.99,scattered clouds
283,Nadym,RU,65.5333,72.5167,37.49,90,100,10.42,overcast clouds
284,Ahipara,NZ,-35.1667,173.1667,64.36,81,99,7.94,overcast clouds
285,Port Lincoln,AU,-34.7333,135.8667,57.33,51,76,7.72,broken clouds
286,Altay,CN,47.8667,88.1167,45.79,37,100,4.23,overcast clouds
287,Ust-Maya,RU,60.4167,134.5333,26.69,93,96,3.67,overcast clouds
288,Kuryk,KZ,43.2,51.65,51.62,49,100,21.85,overcast clouds
289,Souillac,MU,-20.5167,57.5167,71.37,94,20,4.61,light rain
290,Pachora,IN,20.6667,75.35,77.81,89,57,2.57,broken clouds
291,Ngunguru,NZ,-35.6167,174.5,63.16,82,100,7.09,overcast clouds
292,Kruisfontein,ZA,-34.0033,24.7314,58.89,93,0,5.61,clear sky
293,Kozhva,RU,65.1073,57.0459,36.05,96,43,7.09,scattered clouds
294,Vostok,RU,46.4856,135.8833,28.56,86,0,4.65,clear sky
295,Barao De Melgaco,BR,-16.1944,-55.9675,90.12,85,99,12.28,overcast clouds
296,Beloha,MG,-25.1667,45.05,64.29,74,0,7.78,clear sky
297,Mvomero,TZ,-6.25,38.6667,71.42,88,11,1.66,few clouds
298,Najran,SA,17.4924,44.1277,81.25,18,92,2.84,overcast clouds
299,Thoen,TH,17.6129,99.2161,73.69,89,21,1.95,few clouds
300,Werda,BW,-25.2667,23.2833,70.47,15,0,3.18,clear sky
301,Mamlyutka,KZ,54.9375,68.5394,25.65,87,14,4.85,few clouds
302,Fairbanks,US,64.8378,-147.7164,37.31,89,1,3.44,light rain
303,Dingle,PH,10.9995,122.6711,74.07,95,100,1.5,overcast clouds
304,Pochutla,MX,15.7432,-96.4661,91.22,67,39,5.17,scattered clouds
305,Yavaros,MX,26.7,-109.5167,101.44,38,7,14.56,clear sky
306,Iquique,CL,-20.2208,-70.1431,64.44,69,85,5.48,overcast clouds
307,Aquiraz,BR,-3.9014,-38.3911,84.29,77,62,12.21,broken clouds
308,East London,ZA,-33.0153,27.9116,60.55,81,46,8.08,scattered clouds
309,Severo-Kurilsk,RU,50.6789,156.125,43.45,80,52,21.16,light rain
310,Tezu,IN,27.9167,96.1667,72.68,77,64,2.62,broken clouds
311,Gizo,SB,-8.103,156.8419,83.12,73,100,8.08,overcast clouds
312,Buraydah,SA,26.326,43.975,86.45,19,0,10.6,clear sky
313,Gospic,HR,44.5461,15.3747,56.89,96,100,3.58,overcast clouds
314,Chokurdakh,RU,70.6333,147.9167,20.62,89,100,10.18,overcast clouds
315,San Roque,ES,36.2107,-5.3842,67.03,83,20,3.44,few clouds
316,Athabasca,CA,54.7169,-113.2854,54.01,31,100,11.45,overcast clouds
317,Mahebourg,MU,-20.4081,57.7,71.26,94,20,4.61,light rain
318,Codrington,AU,-38.2667,141.9667,43.11,89,43,8.66,scattered clouds
319,Narsaq,GL,60.9167,-46.05,41.22,67,1,5.59,clear sky
320,Lovozero,RU,68.005,35.0117,46.27,94,100,8.97,overcast clouds
321,Wanlaweyn,SO,2.6185,44.8938,76.78,82,78,14.0,broken clouds
322,Pangnirtung,CA,66.1451,-65.7125,39.2,70,90,2.3,overcast clouds
323,Axim,GH,4.8699,-2.2405,77.81,89,100,5.35,overcast clouds
324,Hamilton,US,39.1834,-84.5333,81.63,66,90,1.01,overcast clouds
325,Klyuchevsk,RU,57.1216,60.9414,39.13,80,100,4.32,overcast clouds
326,Oyama,JP,36.3,139.8,74.59,69,13,3.53,few clouds
327,Merrill,US,45.1805,-89.6835,73.81,61,75,3.44,broken clouds
328,Kutum,SD,14.2,24.6667,76.69,20,2,15.77,clear sky
329,Altus,US,34.6381,-99.334,85.51,26,1,1.01,haze
330,Leh,IN,34.1667,77.5833,47.17,39,1,4.83,clear sky
331,Filadelfia,US,39.9523,-75.1638,67.89,91,90,1.99,overcast clouds
332,Standerton,ZA,-26.9337,29.2415,59.61,42,7,1.05,clear sky
333,Abu Samrah,SY,35.3029,37.1841,64.78,57,0,5.91,clear sky
334,Kloulklubed,PW,7.0419,134.2556,79.3,78,100,16.15,overcast clouds
335,Seoul,KR,37.5683,126.9778,69.31,97,75,6.91,broken clouds
336,Gbadolite,CD,4.2833,21.0167,70.72,97,100,1.92,light rain
337,Hendek,TR,40.7994,30.7481,53.92,88,36,2.42,light rain
338,Corinto,GR,37.9407,22.9573,66.76,62,0,4.29,clear sky
339,Vila Velha,BR,-20.3297,-40.2925,75.15,83,20,14.97,few clouds
340,Jimo,CN,36.3897,120.4622,62.38,82,90,6.71,light rain
341,Patiala,IN,30.3267,76.4003,78.94,59,0,3.36,clear sky
342,Alta Floresta,BR,-9.8756,-56.0861,91.22,52,20,4.61,few clouds
343,Yokadouma,CM,3.5167,15.05,68.72,99,77,1.59,broken clouds
344,Panguna,PG,-6.3164,155.4848,71.85,89,100,3.87,overcast clouds
345,Ugoofaaru,MV,5.6667,73.0,82.47,76,100,19.8,light rain
346,Sorland,NO,67.667,12.6934,51.87,86,49,25.19,scattered clouds
347,Ascension,US,30.2169,-90.9001,86.07,56,40,0.0,scattered clouds
348,Shahpura,IN,27.3833,75.9667,79.93,60,98,2.37,overcast clouds
349,Koungheul,SN,13.9833,-14.8,84.96,59,29,6.13,scattered clouds
350,Yantal,RU,56.8471,105.2542,30.87,85,100,1.79,overcast clouds
351,Swan Hill,AU,-35.3378,143.5544,48.85,74,30,5.1,scattered clouds
352,Cabo Rojo,PR,18.0866,-67.1457,89.1,74,98,5.99,overcast clouds
353,Ahuimanu,US,21.4447,-157.8378,85.71,62,20,12.66,few clouds
354,Calamar,CO,10.2511,-74.9146,89.55,80,100,6.69,overcast clouds
355,Sao Jose Da Coroa Grande,BR,-8.8978,-35.1478,75.81,78,49,6.51,scattered clouds
356,Coihaique,CL,-45.5752,-72.0662,54.21,30,20,4.61,few clouds
357,Sabya,SA,17.1495,42.6254,89.22,66,93,5.19,overcast clouds
358,Porto Walter,BR,-8.2686,-72.7439,78.76,89,95,3.15,moderate rain
359,Riobamba,EC,-1.6667,-78.6333,68.36,60,75,13.8,light rain
360,Ellisras,ZA,-23.6649,27.7443,66.13,66,20,7.18,few clouds
361,Bumba,CD,2.1833,22.4667,71.26,95,26,2.44,scattered clouds
362,Kodinsk,RU,58.6881,99.1844,24.96,93,12,2.35,few clouds
363,Tautira,PF,-17.7333,-149.15,82.42,71,61,10.58,broken clouds
364,Nyurba,RU,63.2842,118.3319,28.53,93,99,5.64,overcast clouds
365,Gravdal,NO,68.1214,13.5031,51.69,87,75,13.8,light rain
366,Pedernales,DO,18.0384,-71.744,87.19,61,100,14.97,overcast clouds
367,Ailigandi,PA,9.2333,-78.0167,84.11,77,95,7.67,overcast clouds
368,Schattdorf,CH,46.8655,8.6547,58.96,99,99,2.77,overcast clouds
369,Oxford,GB,51.7522,-1.256,53.76,79,0,1.01,clear sky
370,Tema,GH,5.667,-0.0166,81.01,83,20,12.66,light rain
371,San Juan,AR,-31.5375,-68.5364,75.72,10,0,16.96,clear sky
372,Tres Arroyos,AR,-38.3739,-60.2798,52.63,78,100,18.16,moderate rain
373,Dudinka,RU,69.4058,86.1778,35.83,100,100,11.99,overcast clouds
374,Paamiut,GL,61.994,-49.6678,36.28,75,7,10.56,clear sky
375,Aklavik,CA,68.2191,-135.0107,32.83,76,9,13.69,clear sky
376,Gberia Fotombu,SL,9.8833,-11.1667,72.57,92,96,2.01,overcast clouds
377,Chuy,UY,-33.6971,-53.4616,60.15,68,0,6.73,clear sky
378,Likasi,CD,-10.9814,26.7333,68.04,81,97,5.53,overcast clouds
379,Hambantota,LK,6.1241,81.1185,75.54,100,0,5.75,clear sky
380,Dauriya,RU,49.9333,116.8667,37.02,50,100,6.58,light rain
381,Porto Torres,IT,40.835,8.3972,62.78,67,72,10.02,broken clouds
382,Saint-Raymond,CA,45.467,-73.6095,66.06,70,75,2.3,broken clouds
383,Gushikawa,JP,26.3544,127.8686,82.4,85,1,13.8,mist
384,La Belgica,BO,-17.55,-63.2167,86.88,39,51,13.8,broken clouds
385,Taos,US,36.4072,-105.5731,76.98,26,40,10.0,scattered clouds
386,Carndonagh,IE,55.25,-7.2667,48.4,74,100,9.28,overcast clouds
387,Pampa,US,35.5362,-100.9599,80.64,32,1,10.36,clear sky
388,Haines Junction,CA,60.7522,-137.5108,35.55,60,89,3.44,overcast clouds
389,Bazarnyye Mataki,RU,54.8833,49.9333,37.24,55,100,2.55,overcast clouds
390,Bridlington,GB,54.0831,-0.1919,50.18,87,42,27.81,scattered clouds
391,Morristown,US,36.214,-83.2949,74.55,81,1,6.91,clear sky
392,Biloli,IN,18.7667,77.7333,74.89,91,82,2.89,broken clouds
393,Camacha,PT,33.0833,-16.3333,68.76,68,20,11.5,few clouds
394,Sonqor,IR,34.7837,47.6004,52.61,19,0,2.98,clear sky
395,Jaruco,CU,23.0431,-82.0108,88.83,67,41,12.71,light rain
396,Alugan,PH,12.2188,125.4808,75.79,92,100,5.91,light rain
397,Mayo,US,38.8876,-76.5119,80.96,90,90,8.99,mist
398,Pavelets,RU,53.7883,39.246,36.59,74,8,7.16,clear sky
399,Gamba,GA,-2.65,10.0,75.74,84,100,7.74,overcast clouds
400,San Cristobal,VE,7.7669,-72.225,80.78,68,87,4.76,overcast clouds
401,Kifri,IQ,34.6959,44.9661,76.68,19,0,7.43,clear sky
402,Lokosovo,RU,61.1333,74.8167,33.73,97,100,6.6,overcast clouds
403,Acapulco,MX,16.8634,-99.8901,87.62,70,75,6.91,broken clouds
404,Ciudad Bolivar,VE,8.1222,-63.5497,93.42,41,28,10.74,scattered clouds
405,Cabo San Lucas,MX,22.8909,-109.9124,96.51,51,20,11.5,few clouds
406,Nyarlorinc,HU,46.8602,19.8784,62.69,54,0,11.5,clear sky
407,Buala,SB,-8.145,159.5921,82.45,75,90,6.26,light rain
408,Port Blair,IN,11.6667,92.75,80.26,81,98,10.67,overcast clouds
409,Ridgecrest,US,35.6225,-117.6709,84.61,30,75,1.01,broken clouds
410,Bealanana,MG,-14.55,48.7333,55.0,71,11,1.48,few clouds
411,Mpongwe,ZM,-13.5091,28.155,66.2,85,6,2.89,clear sky
412,Udachnyy,RU,66.4167,112.4,27.91,80,100,16.78,overcast clouds
413,Campo Verde,BR,-20.4167,-54.0667,94.21,50,84,4.18,broken clouds
414,Christchurch,NZ,-43.5333,172.6333,55.02,93,90,8.01,overcast clouds
415,Motril,ES,36.7507,-3.5179,73.27,61,100,1.5,overcast clouds
416,Paraiso,CR,9.8383,-83.8656,73.89,69,99,2.59,light rain
417,Atar,MR,20.5169,-13.0499,91.04,18,2,8.41,clear sky
418,Westport,US,41.1415,-73.3579,65.79,84,90,1.01,overcast clouds
419,Sept-Iles,CA,50.2001,-66.3821,57.72,71,20,3.0,few clouds
420,Erzin,TR,36.9559,36.2,72.32,40,0,2.17,clear sky
421,Bartica,GY,6.4,-58.6167,89.92,66,50,6.69,scattered clouds
422,Salina Cruz,MX,16.1667,-95.2,90.81,54,11,21.14,few clouds
423,Port Macquarie,AU,-31.4333,152.9167,55.89,82,0,2.3,clear sky
424,High Level,CA,58.5169,-117.136,37.51,70,90,5.75,overcast clouds
425,Saint-Georges,GD,12.0564,-61.7485,76.68,100,75,23.02,broken clouds
426,Phan Thiet,VN,10.9333,108.1,75.87,92,100,7.07,light rain
427,Zeya,RU,53.75,127.2667,28.31,72,3,4.34,clear sky
428,Linhares,BR,-19.3911,-40.0722,76.3,77,30,8.19,scattered clouds
429,Nemuro,JP,43.3236,145.575,49.05,79,100,3.31,overcast clouds
430,Chany,RU,55.3121,76.7647,29.89,82,39,13.89,scattered clouds
431,Caravelas,BR,-17.7125,-39.2481,75.63,82,72,9.89,broken clouds
432,Seddon,AU,-37.8068,144.8916,51.3,88,20,10.36,few clouds
433,Iqaluit,CA,63.7506,-68.5145,38.93,80,75,18.01,broken clouds
434,Port-Gentil,GA,-0.7193,8.7815,76.96,94,90,10.36,overcast clouds
435,Alofi,NU,-19.0595,-169.9187,78.69,78,75,11.5,broken clouds
436,Chunoyar,RU,57.4467,97.3217,29.37,91,34,3.71,scattered clouds
437,Cameta,BR,-2.2444,-49.4958,84.38,66,100,4.74,overcast clouds
438,Kuching,MY,1.55,110.3333,77.22,100,40,2.3,moderate rain
439,Tessalit,ML,20.1986,1.0114,89.51,12,10,10.16,clear sky
440,Griffith,US,41.5284,-87.4237,70.41,86,90,3.0,overcast clouds
441,Conil,FR,44.9673,3.7177,41.58,95,52,1.77,broken clouds
442,Ambulu,ID,-8.345,113.6058,73.92,87,93,4.16,overcast clouds
443,Bac Lieu,VN,9.285,105.7244,76.59,90,100,5.35,light rain
444,Itarema,BR,-2.9248,-39.9167,79.45,82,83,17.72,broken clouds
445,Martapura,ID,-3.4167,114.85,75.29,100,90,2.3,mist
446,Joao Pinheiro,BR,-17.7425,-46.1725,89.31,22,39,3.6,scattered clouds
447,Hirara,JP,24.8,125.2833,82.31,80,20,22.3,few clouds
448,Chaman,PK,30.9236,66.4512,63.81,15,0,1.45,clear sky
449,Ukiah,US,39.1502,-123.2078,84.04,34,1,0.0,clear sky
450,Forrest City,US,35.0081,-90.7898,78.94,55,100,11.34,overcast clouds
451,Imbituba,BR,-28.24,-48.6703,66.81,69,82,3.18,broken clouds
452,Mount Gambier,AU,-37.8333,140.7667,42.71,93,49,9.22,scattered clouds
453,Constantine,DZ,36.365,6.6147,63.81,77,20,10.36,few clouds
454,Kolondieba,ML,11.0882,-6.8926,80.62,60,79,2.24,broken clouds
455,Necochea,AR,-38.5473,-58.7368,68.04,65,94,11.61,light rain
456,Okha,RU,53.5739,142.9478,42.17,68,99,11.48,overcast clouds
457,Wajir,KE,1.7471,40.0573,79.83,50,54,19.8,broken clouds
458,Ozinki,RU,51.1786,49.6769,37.33,44,16,6.78,few clouds
459,Espirito Santo Do Pinhal,BR,-22.1158,-46.6828,83.12,66,72,5.86,broken clouds
460,Gudari,IN,19.35,83.7833,75.22,97,15,1.36,few clouds
461,Ciro Marina,IT,39.3732,17.126,72.37,73,74,4.29,broken clouds
462,Sao Felix Do Xingu,BR,-6.6447,-51.995,87.17,45,84,1.05,broken clouds
463,Hit,IQ,33.6416,42.8251,76.62,28,0,3.83,clear sky
464,Tevaitoa,PF,-16.7833,-151.5,78.37,69,9,15.12,clear sky
465,Moranbah,AU,-22.0016,148.0466,69.46,60,16,13.82,few clouds
466,Kyshtovka,RU,56.555,76.6271,27.46,87,11,7.02,few clouds
467,Sur,OM,22.5667,59.5289,82.9,69,0,11.25,clear sky
468,Okahandja,NA,-21.9833,16.9167,73.71,11,40,6.15,scattered clouds
469,Vershino-Darasunskiy,RU,52.35,115.5167,29.35,63,92,2.73,overcast clouds
470,Tecolutilla,MX,18.2833,-93.3167,82.4,71,73,12.33,broken clouds
471,Ketchikan,US,55.3422,-131.6461,48.67,57,1,12.66,clear sky
472,Seymchan,RU,62.8833,152.4333,17.85,76,17,3.33,few clouds
473,Barreirinhas,BR,-2.7469,-42.8264,80.15,76,30,11.27,scattered clouds
474,Yei,SS,4.095,30.6779,67.24,93,26,2.59,scattered clouds
475,Naze,JP,28.3667,129.4833,76.86,71,57,16.24,broken clouds
476,Hobyo,SO,5.3505,48.5268,78.78,85,3,18.9,clear sky
477,Bulgan,MN,48.8125,103.5347,35.37,70,36,3.04,scattered clouds
478,Abha,SA,18.2164,42.5053,67.82,73,0,5.75,clear sky
479,Jiuquan,CN,39.7432,98.5174,47.16,55,0,4.16,clear sky
480,Kalmunai,LK,7.4167,81.8167,77.94,84,93,13.89,overcast clouds
481,Alice Springs,AU,-23.7,133.8833,63.95,27,4,5.75,clear sky
482,Cahir,IE,52.3769,-7.9217,51.06,94,99,5.73,overcast clouds
483,Vilhena,BR,-12.7406,-60.1458,73.62,88,90,5.75,light intensity drizzle
484,Lieksa,FI,63.3167,30.0167,49.35,91,100,17.6,overcast clouds
485,Fort Nelson,CA,58.8053,-122.7002,38.79,65,90,2.3,overcast clouds
486,Kushiro,JP,42.975,144.3747,48.24,93,100,5.03,overcast clouds
487,Balakhninskiy,RU,58.0106,114.2769,30.7,92,100,2.42,overcast clouds
488,Honiara,SB,-9.4333,159.95,81.43,73,12,4.5,few clouds
489,Naifaru,MV,5.4444,73.3657,82.31,78,100,18.16,overcast clouds
490,Neryungri,RU,56.6709,124.6491,25.5,95,100,3.67,overcast clouds
491,Bingol,TR,38.8847,40.4939,51.48,42,86,4.5,overcast clouds
492,Yevlax,AZ,40.6089,47.1492,57.42,73,100,6.13,overcast clouds
493,Evensk,RU,61.95,159.2333,29.79,54,100,13.0,overcast clouds
494,Wencheng,CN,33.0559,113.7978,53.49,93,100,11.88,light rain
495,Mehamn,NO,71.0357,27.8492,53.55,66,0,25.32,clear sky
496,Alghero,IT,40.5589,8.3181,62.69,77,20,2.3,few clouds
497,Miri,MY,4.4148,114.0089,76.86,88,96,6.89,overcast clouds
498,Maun,BW,-19.9833,23.4167,82.36,34,0,4.61,clear sky
499,Plettenberg Bay,ZA,-34.0527,23.3716,56.8,88,0,4.88,clear sky
500,Pangai,TO,-19.8,-174.35,77.11,78,75,10.36,broken clouds
501,Flinders,AU,-34.5833,150.8552,57.06,68,10,7.47,clear sky
502,Namibe,AO,-15.1961,12.1522,63.39,74,72,10.47,broken clouds
503,Korla,CN,41.7597,86.1469,52.99,46,15,3.67,few clouds
504,Taoudenni,ML,22.6783,-3.9836,95.22,9,4,9.31,clear sky
505,Playas,EC,-2.6333,-80.3833,72.93,76,66,12.95,broken clouds
506,General Roca,AR,-39.0333,-67.5833,64.8,55,88,33.51,light rain
507,Sisimiut,GL,66.9395,-53.6735,36.95,70,100,10.67,overcast clouds
508,Labuhan,ID,-6.8844,112.2051,77.43,77,61,16.4,broken clouds
509,Anadyr,RU,64.75,177.4833,32.5,100,75,13.0,snow
510,Tomatlan,MX,19.9333,-105.25,88.81,65,40,7.14,scattered clouds
511,Sotouboua,TG,8.5667,0.9833,74.25,91,100,3.56,overcast clouds
512,Gashua,NG,12.871,11.0482,89.22,20,45,11.21,scattered clouds
513,Yunyang,CN,33.4474,112.7142,53.53,92,100,12.75,overcast clouds
514,Asosa,ET,10.0667,34.5333,60.94,96,100,2.44,moderate rain
515,Cooma,AU,-36.2333,149.1333,44.37,52,0,10.36,clear sky
516,Tazovskiy,RU,67.4667,78.7,40.44,96,100,18.79,overcast clouds
517,Bandarbeyla,SO,9.4942,50.8122,78.26,85,83,19.71,broken clouds
518,Savinka,RU,50.0785,47.0994,39.29,46,0,9.51,clear sky
519,Muros,ES,42.7762,-9.0603,64.83,92,7,5.46,clear sky
520,Merauke,ID,-8.4667,140.3333,73.54,90,99,9.22,overcast clouds
521,Atambua,ID,-9.1061,124.8925,71.67,81,34,3.04,scattered clouds
522,Pangkalanbuun,ID,-2.6833,111.6167,73.87,97,99,1.45,overcast clouds
523,Byron Bay,AU,-28.65,153.6167,58.05,49,0,8.1,clear sky
524,Caconda,AO,-13.7333,15.0667,66.0,44,48,6.2,scattered clouds
525,Jiujiang,CN,29.7333,115.9833,70.84,91,39,8.63,scattered clouds
526,Aguimes,ES,27.9054,-15.4461,70.43,65,20,21.85,few clouds
527,Azare,NG,11.6765,10.1948,83.93,41,55,4.63,broken clouds
528,Marsh Harbour,BS,26.5412,-77.0636,82.47,71,27,7.11,scattered clouds
529,Yaan,NG,7.3833,8.5667,76.84,87,98,5.12,light rain
530,Matara,LK,5.9485,80.5353,77.27,89,100,11.9,overcast clouds
531,Hovd,MN,48.0056,91.6419,37.51,29,85,5.68,overcast clouds
532,Southbridge,US,42.0751,-72.0334,60.4,94,100,3.94,overcast clouds
533,Harper,LR,4.375,-7.7169,77.76,87,6,7.27,clear sky
534,Puerto Colombia,CO,10.9878,-74.9547,77.09,77,100,5.82,overcast clouds
535,Ungheni,MD,47.2042,27.7958,50.65,53,0,6.91,clear sky
536,Rokytne,UA,51.2796,27.214,49.28,59,3,13.53,clear sky
537,Kamaishi,JP,39.2667,141.8833,61.39,91,100,11.12,overcast clouds
538,Orlik,RU,52.5178,99.825,23.94,78,33,2.53,scattered clouds
539,Rabo De Peixe,PT,37.8,-25.5833,74.28,83,75,9.22,broken clouds
540,Tiarei,PF,-17.5333,-149.3333,82.42,69,17,12.21,few clouds
541,Guider,CM,9.9342,13.9486,78.26,77,59,3.58,light rain
542,Comodoro Rivadavia,AR,-45.8667,-67.5,49.86,43,0,17.27,clear sky
543,Yokote,JP,39.3,140.5667,59.58,94,95,5.44,overcast clouds
544,Sigli,ID,5.3848,95.9609,78.78,76,100,3.98,overcast clouds
545,Mae Sai,TH,20.4335,99.8762,73.44,84,7,2.04,clear sky
546,Muli,MV,2.9167,73.5667,83.32,76,100,16.67,overcast clouds
547,El Colomo,MX,19.05,-104.25,89.58,74,100,5.82,overcast clouds
548,Hargeysa,SO,9.56,44.065,75.67,57,35,13.24,scattered clouds
549,Kaeo,NZ,-35.1,173.7833,63.32,96,100,5.57,overcast clouds
550,Buzmeyin,TM,38.0507,58.2056,56.93,33,40,4.61,scattered clouds
551,Auki,SB,-8.7676,160.7034,81.19,78,38,4.12,scattered clouds
552,Koumac,NC,-20.5667,164.2833,76.64,73,0,5.68,clear sky
553,Nsunga,TZ,-1.1439,31.3947,65.62,76,81,2.77,broken clouds
554,Tayu,ID,-6.5397,111.0518,76.66,79,91,11.95,overcast clouds
555,Churapcha,RU,62.0025,132.4325,25.21,95,80,6.76,broken clouds
556,Nhulunbuy,AU,-12.2333,136.7667,75.81,83,27,2.3,scattered clouds
557,Gimli,CA,50.6336,-96.9907,86.43,46,96,16.11,overcast clouds
558,Kropotkin,RU,45.4375,40.5756,48.72,73,96,22.39,overcast clouds
559,Manokwari,ID,-0.8667,134.0833,78.42,77,100,2.21,overcast clouds
560,Ballina,AU,-28.8667,153.5667,57.16,54,0,6.91,clear sky
561,Nouadhibou,MR,20.931,-17.0347,70.3,84,0,23.53,clear sky
562,Zhanaozen,KZ,43.3,52.8,46.27,55,99,19.98,overcast clouds
563,Dori,BF,14.0354,-0.0345,94.86,22,100,8.03,overcast clouds
564,San Quintin,MX,30.4833,-115.95,74.55,64,11,12.1,few clouds
565,Boffa,GN,10.1667,-14.0333,80.51,88,51,2.1,light rain
566,Vasudevanallur,IN,9.2333,77.4167,78.13,82,100,2.15,light rain
567,Mahajanga,MG,-15.7167,46.3167,78.82,83,40,5.75,moderate rain
568,Kamenka,RU,51.3223,42.7678,39.81,52,2,8.55,clear sky
569,Honningsvag,NO,70.9821,25.9704,53.13,84,80,15.61,broken clouds
570,Coquimbo,CL,-29.9533,-71.3436,58.73,72,20,13.8,few clouds
571,Paita,PE,-5.0892,-81.1144,79.36,76,20,15.88,few clouds
572,Vanimo,PG,-2.6741,141.3028,77.02,91,69,4.03,broken clouds
573,Plouzane,FR,48.3833,-4.6167,57.07,82,75,4.61,broken clouds
574,Zharkent,KZ,44.1628,80.0,46.63,74,100,13.31,overcast clouds
575,Tomohon,ID,1.3346,124.8392,65.34,82,100,1.99,overcast clouds
576,Nishihara,JP,26.1842,127.7558,82.45,86,75,14.97,mist
577,Kaduy,RU,59.2,37.15,42.84,92,96,7.58,overcast clouds
578,Krasnogorsk,RU,55.8225,37.3181,48.45,66,0,8.95,clear sky
579,Curup,ID,-3.4667,102.5333,66.29,98,100,1.25,overcast clouds
580,Saint-Leu,RE,-21.15,55.2833,68.86,80,7,1.16,clear sky
581,Krasnyy Yar,RU,46.5331,48.3456,40.96,36,87,15.48,overcast clouds
582,Santa Catalina,PH,9.3337,122.8637,77.14,89,100,3.11,moderate rain
583,Ayr,GB,55.4627,-4.6339,49.93,87,0,11.5,clear sky
584,Davila,PH,18.4726,120.5763,82.02,78,100,2.64,overcast clouds
585,Correntina,BR,-13.3433,-44.6367,89.31,18,58,4.34,broken clouds
586,Luganville,VU,-15.5333,167.1667,80.73,76,32,1.28,scattered clouds
587,Pedasi,PA,7.5333,-80.0333,84.07,74,99,8.86,overcast clouds
588,Lesosibirsk,RU,58.2358,92.4828,27.48,88,5,3.42,clear sky
589,Bay Roberts,CA,47.5999,-53.2648,49.03,77,100,5.01,overcast clouds
590,Balkhash,KZ,46.844,74.9804,33.22,66,1,15.37,clear sky
591,Kavieng,PG,-2.5744,150.7967,80.49,80,100,8.39,moderate rain
592,Salinas,US,36.6777,-121.6555,83.97,58,1,10.36,clear sky
593,Urumqi,CN,43.801,87.6005,43.75,53,0,4.47,clear sky
594,Yar-Sale,RU,66.8333,70.8333,37.83,88,82,10.71,broken clouds
595,Esperance,AU,-33.8667,121.9,48.04,69,97,11.7,light rain
596,Gouyave,GD,12.1646,-61.7296,75.97,100,75,23.02,broken clouds
597,Staryy Nadym,RU,65.6118,72.6842,37.53,90,100,9.93,overcast clouds
598,Birjand,IR,32.8663,59.2211,66.67,8,0,9.22,clear sky
599,Sembe,CG,1.6481,14.5806,70.14,97,84,1.05,broken clouds
600,Palmer,US,42.1584,-72.3287,61.03,81,90,8.05,overcast clouds
601,Quatre Cocos,MU,-20.2078,57.7625,71.1,82,9,6.31,light rain
602,Fortuna Foothills,US,32.6578,-114.4119,89.65,43,1,7.0,clear sky
603,Skjervoy,NO,70.0311,20.9714,50.05,76,98,15.52,overcast clouds
604,Port Moresby,PG,-9.4431,147.1797,76.42,94,75,4.61,broken clouds
605,Antipolo,PH,14.5864,121.1753,76.66,96,90,2.3,moderate rain
606,Opuwo,NA,-18.0607,13.84,70.59,19,82,6.98,broken clouds
607,Kirovskiy,RU,45.0917,133.5136,38.01,84,64,2.35,broken clouds
608,Springfield,US,37.2153,-93.2982,78.06,61,20,7.0,few clouds
609,Farkhor,TJ,37.4922,69.4036,64.45,31,0,4.32,clear sky
610,Margate,GB,51.3813,1.3862,55.26,74,62,1.99,broken clouds
611,Navirai,BR,-23.065,-54.1906,80.91,66,46,5.57,scattered clouds
612,Chicama,PE,-7.8447,-79.1469,63.14,66,30,10.74,scattered clouds
613,Nabire,ID,-3.3667,135.4833,75.13,92,100,3.89,overcast clouds
614,Moramanga,MG,-18.9333,48.2,59.54,87,87,1.61,overcast clouds
615,Sedlcany,CZ,49.6606,14.4266,58.55,81,100,1.99,light rain
616,Kangaba,ML,11.9333,-8.4167,73.49,95,92,4.99,heavy intensity rain
617,Arlit,NE,18.7369,7.3853,89.98,13,0,11.56,clear sky
618,Nocupetaro,MX,19.05,-101.15,84.72,63,75,1.99,broken clouds
619,Synya,RU,65.3718,58.0387,35.78,96,43,8.34,scattered clouds
620,Inuvik,CA,68.3499,-133.7218,32.86,74,40,5.75,scattered clouds
621,Aiken,US,33.5835,-81.5998,76.86,91,90,9.22,overcast clouds
622,Kut Chap,TH,17.4257,102.5669,74.08,86,45,1.81,scattered clouds
623,San Policarpo,PH,12.1791,125.5072,75.94,92,100,5.73,moderate rain
624,Taltal,CL,-25.4,-70.4833,61.47,68,25,6.85,scattered clouds
625,Deputatskiy,RU,69.3,139.9,17.78,82,100,8.14,overcast clouds
626,Svetlogorsk,BY,52.6333,29.7333,45.36,73,0,10.18,clear sky
627,Deniliquin,AU,-35.5333,144.9667,43.0,70,5,3.51,clear sky
628,Takoradi,GH,4.8845,-1.7554,77.77,88,100,6.08,overcast clouds
629,Bela,IN,25.9333,81.9833,79.27,79,0,3.65,clear sky
630,Baie-Comeau,CA,49.2168,-68.1489,62.6,58,1,12.66,clear sky
631,Zarubino,RU,42.63,131.0922,49.3,63,97,7.58,overcast clouds
632,Gat,IL,31.61,34.7642,72.28,66,0,3.33,clear sky
633,Hornepayne,CA,49.2138,-84.7705,69.31,44,0,2.26,clear sky
634,Karakol,KG,42.4907,78.3936,39.34,65,100,6.08,light rain
635,Sant Pere De Ribes,ES,41.2667,1.7667,71.65,67,94,4.0,overcast clouds
636,Pemberton,CA,50.3164,-122.8027,47.89,100,100,3.6,overcast clouds
637,Marienburg,PL,54.0359,19.0266,63.95,58,1,21.59,clear sky
638,Eureka,US,40.8021,-124.1637,73.67,71,94,5.99,overcast clouds
639,Baft,IR,29.234,56.6057,62.91,41,40,5.35,scattered clouds
640,Woodward,US,36.4337,-99.3904,85.96,27,1,0.0,clear sky
641,Kimbe,PG,-5.5502,150.1429,77.09,92,93,3.87,light rain
642,Sambava,MG,-14.2667,50.1667,69.89,86,10,8.97,clear sky
643,Rexburg,US,43.826,-111.7897,80.28,15,1,6.91,clear sky
644,Bassano,CA,50.7834,-112.4685,77.23,12,95,24.58,overcast clouds
645,Krasnoyarsk,RU,56.0097,92.7917,25.2,90,24,2.55,few clouds
646,Aubenas,FR,44.6201,4.3899,55.47,93,38,4.76,scattered clouds
647,Kuusamo,FI,65.9667,29.1833,48.24,87,90,13.8,overcast clouds
648,Maltahohe,NA,-24.8333,16.9833,62.56,23,0,7.96,clear sky
649,Saint-Augustin,CA,51.226,-58.6502,54.64,56,17,6.33,few clouds
650,Carroll,US,39.5501,-77.0164,76.12,82,75,1.01,broken clouds
651,Igrim,RU,63.1906,64.4162,34.07,95,100,5.59,overcast clouds
652,Kamina,CD,-8.7386,24.9906,66.47,94,100,3.11,light rain
653,Bilma,NE,18.6853,12.9164,85.51,15,1,7.61,clear sky
654,Alindao,CF,5.0267,21.2088,71.33,96,100,0.69,overcast clouds
655,Vrangel,RU,42.7297,133.0839,46.96,68,65,9.4,broken clouds
656,Acajutla,SV,13.5928,-89.8275,93.54,68,28,5.55,scattered clouds
657,Vasto,IT,42.1243,14.7059,64.76,70,96,8.05,overcast clouds
658,Terrace,CA,54.5163,-128.6035,53.42,57,75,12.66,broken clouds
659,Thohoyandou,ZA,-22.9456,30.485,60.08,89,0,0.81,clear sky
660,Bongor,TD,10.2806,15.3722,79.65,71,87,5.59,overcast clouds
661,Puerto Escondido,MX,15.85,-97.0667,88.63,55,1,8.05,clear sky
662,San Antonio,US,29.4241,-98.4936,92.95,28,1,8.05,clear sky
663,Cafarnaum,BR,-11.6936,-41.4683,81.45,26,28,9.08,scattered clouds
664,Neiafu,TO,-18.65,-173.9833,79.48,83,75,10.36,broken clouds
665,Kahului,US,20.8947,-156.47,84.22,65,40,23.02,scattered clouds
666,Bonavista,CA,48.6499,-53.1147,49.12,74,100,26.96,overcast clouds
667,Port Hardy,CA,50.6996,-127.4199,48.38,87,90,6.91,moderate rain
668,Malanje,AO,-9.5402,16.341,68.05,82,93,1.25,overcast clouds
669,Sterling,US,39.0062,-77.4286,82.15,76,40,1.99,scattered clouds
670,Praia Da Vitoria,PT,38.7333,-27.0667,73.76,83,20,9.6,few clouds
671,Ranau,MY,5.9538,116.6641,70.45,86,100,1.9,overcast clouds
672,Upata,VE,8.0086,-62.3989,87.19,66,29,8.12,scattered clouds
673,Changli,CN,39.7042,119.1506,51.49,80,100,7.87,light rain
674,Lerwick,GB,60.1545,-1.1494,48.2,81,100,12.37,overcast clouds
675,Wamba,NG,8.9333,8.6,76.37,85,98,1.77,light rain
676,Chernyshevskiy,RU,63.0128,112.4714,25.09,88,44,5.53,scattered clouds
677,Avanigadda,IN,16.0215,80.9181,78.15,92,84,4.09,broken clouds
678,Pundaguitan,PH,6.3711,126.1689,82.15,74,100,4.03,light rain
679,Ulagan,RU,50.6321,87.9563,29.68,68,84,3.56,broken clouds
680,Dhidhdhoo,MV,6.8833,73.1,81.43,80,100,18.59,overcast clouds
681,Lashio,MM,22.9333,97.75,64.65,99,20,1.21,few clouds
682,Lutry,CH,46.5024,6.6865,57.85,86,98,12.24,overcast clouds
683,Sun Valley,US,39.5963,-119.776,78.67,21,40,3.0,smoke
684,Zemio,CF,5.0314,25.1361,69.98,95,42,2.33,scattered clouds
685,Gemena,CD,3.25,19.7667,68.5,93,98,0.96,overcast clouds
686,Antofagasta,CL,-23.65,-70.4,60.08,70,19,8.16,few clouds
687,Warrington,GB,53.3925,-2.5802,55.98,84,40,5.01,scattered clouds
688,Havelock,US,34.8791,-76.9013,84.16,68,40,4.0,scattered clouds
689,Santa Maria,BR,-29.6842,-53.8069,69.1,46,0,9.22,clear sky
690,Berezna,UA,51.5716,31.7846,44.35,76,5,8.39,clear sky
691,Verkhnevilyuysk,RU,63.4453,120.3167,27.9,84,66,5.64,broken clouds
692,Ostrovnoy,RU,68.0531,39.5131,47.5,89,100,28.34,overcast clouds
693,Lorengau,PG,-2.0226,147.2712,79.18,85,100,6.44,moderate rain
694,Mangrol,IN,21.1167,70.1167,80.83,82,78,8.5,broken clouds
